date,time,title,visitCount
03-09-2023,23:19:24,GitHub,4
03-09-2023,23:19:24,GitHub,4
03-09-2023,23:07:57,python,4
03-09-2023,23:07:56,python,4
03-09-2023,23:00:00, LinkedIn,18
03-09-2023,22:59:56, LinkedIn,1
03-09-2023,22:59:13, LinkedIn,3
03-09-2023,22:59:10, LinkedIn,19
03-09-2023,22:58:51, LinkedIn,3
03-09-2023,22:58:17, LinkedIn,18
03-09-2023,22:58:09, LinkedIn,4
03-09-2023,22:57:53, LinkedIn,1
03-09-2023,22:57:53, LinkedIn,1
03-09-2023,22:57:49, LinkedIn,4
03-09-2023,22:56:15, LinkedIn,1
03-09-2023,22:55:41, LinkedIn,4
03-09-2023,22:55:36, LinkedIn,18
03-09-2023,22:55:35, LinkedIn,13
03-09-2023,22:55:33, LinkedIn,13
03-09-2023,21:47:34, OpenAI,10
03-09-2023,21:47:30, OpenAI,9
03-09-2023,21:47:28, OpenAI,2
03-09-2023,21:47:27, OpenAI,2
03-09-2023,21:35:33, YouTube,1
03-09-2023,21:34:58, YouTube,2
03-09-2023,21:34:24, YouTube,1
03-09-2023,21:34:02, YouTube,2
03-09-2023,21:32:26, YouTube,140
03-09-2023,21:32:26, YouTube,140
03-09-2023,21:21:47, YouTube,1
03-09-2023,21:21:47, YouTube,140
03-09-2023,21:20:44,GitHub,3
03-09-2023,21:20:36, YouTube,140
03-09-2023,21:20:34, YouTube,54
03-09-2023,21:20:24,GitHub,3
03-09-2023,21:20:24,GitHub,3
03-09-2023,21:20:21,GitHub,4
03-09-2023,21:19:23,GitHub,3
03-09-2023,21:19:23,GitHub,3
03-09-2023,21:19:21,GitHub,3
03-09-2023,21:02:15,GitHub,4
03-09-2023,21:02:12,GitHub,4
03-09-2023,21:02:12,GitHub,4
03-09-2023,21:02:09,GitHub,2
03-09-2023,21:02:08,GitHub,2
03-09-2023,21:02:01,GitHub,4
03-09-2023,21:01:33,GitHub,3
03-09-2023,21:01:32,GitHub,3
03-09-2023,21:01:32,GitHub,3
03-09-2023,21:01:28,GitHub,4
03-09-2023,21:00:59,GitHub,3
03-09-2023,21:00:59,GitHub,3
03-09-2023,21:00:58,GitHub,3
03-09-2023,21:00:53,GitHub,4
03-09-2023,21:00:53,GitHub,4
03-09-2023,21:00:06,GitHub,4
03-09-2023,20:07:33,GitHub,3
03-09-2023,20:07:33,GitHub,3
03-09-2023,20:07:33,GitHub,3
03-09-2023,20:07:29,GitHub,4
03-09-2023,20:05:53,GitHub,3
03-09-2023,20:05:50,GitHub,3
03-09-2023,20:05:50,GitHub,3
03-09-2023,20:05:43,GitHub,4
03-09-2023,20:05:43,GitHub,4
03-09-2023,20:05:25, python,4
03-09-2023,20:05:12,GitHub,3
03-09-2023,20:05:12,GitHub,3
03-09-2023,20:05:11,GitHub,3
03-09-2023,20:05:04,python,4
03-09-2023,19:59:08,python,2
03-09-2023,19:59:01,python,2
03-09-2023,19:47:32, OpenAI,10
03-09-2023,19:47:29, OpenAI,9
03-09-2023,19:47:26, OpenAI,2
03-09-2023,19:47:25, OpenAI,2
03-09-2023,15:17:37, YouTube,1
03-09-2023,15:06:02, YouTube,2
03-09-2023,15:05:38, YouTube,3
03-09-2023,15:04:58, YouTube,3
03-09-2023,15:04:12, YouTube,2
03-09-2023,14:36:26, YouTube,3
03-09-2023,14:36:04, YouTube,2
03-09-2023,14:35:41, YouTube,3
03-09-2023,13:19:19, YouTube,2
03-09-2023,11:49:01, YouTube,3
03-09-2023,11:48:35, YouTube,3
03-09-2023,11:48:07, YouTube,3
03-09-2023,11:47:31, YouTube,2
03-09-2023,11:47:09, YouTube,3
03-09-2023,10:52:51, YouTube,2
03-09-2023,10:52:46, YouTube,2
03-09-2023,10:52:38, YouTube,6
03-09-2023,10:52:19, YouTube,14
03-09-2023,10:52:19, YouTube,140
03-09-2023,10:51:55, YouTube,140
03-09-2023,10:51:53, YouTube,54
03-09-2023,02:51:31, YouTube,2
03-09-2023,02:04:47, YouTube,2
03-09-2023,00:45:48, YouTube,3
03-09-2023,00:45:03, YouTube,3
03-09-2023,00:44:45, YouTube,3
03-09-2023,00:22:31, YouTube,3
03-09-2023,00:14:46, YouTube,2
03-09-2023,00:14:14, YouTube,6
03-09-2023,00:12:09, YouTube,2
03-09-2023,00:11:58, YouTube,1
03-09-2023,00:11:56, YouTube,2
03-09-2023,00:11:55, YouTube,1
03-09-2023,00:11:52, YouTube,1
03-09-2023,00:11:37, YouTube,6
03-09-2023,00:11:35, YouTube,2
03-09-2023,00:11:34, YouTube,1
03-09-2023,00:11:29, YouTube,2
03-09-2023,00:06:37, YouTube,6
03-09-2023,00:06:27, YouTube,6
03-09-2023,00:06:13, YouTube,14
03-09-2023,00:06:10, YouTube,7
03-09-2023,00:06:06, YouTube,7
03-09-2023,00:06:06, YouTube,140
03-09-2023,00:05:07, YouTube,140
03-09-2023,00:05:07, YouTube,54
03-09-2023,00:04:06, YouTube,140
03-09-2023,00:04:00, YouTube,3
03-09-2023,00:03:51, YouTube,14
03-09-2023,00:03:38, YouTube,14
03-09-2023,00:03:13, YouTube,14
03-09-2023,00:03:09, YouTube,14
03-09-2023,00:03:05, YouTube,3
03-09-2023,00:01:54,CloudComputing qwik lab,5
03-09-2023,00:01:54,CloudComputing qwik lab,5
03-09-2023,00:00:32,CloudComputing qwik lab,2
03-09-2023,00:00:31,CloudComputing qwik lab,2
03-09-2023,00:00:27,CloudComputing qwik lab,5
03-09-2023,00:00:26,CloudComputing qwik lab,5
03-09-2023,00:00:26,CloudComputing qwik lab,5
03-08-2023,23:59:59,CloudComputing qwik lab,3
03-08-2023,23:59:56,CloudComputing qwik lab,1
03-08-2023,23:59:41,CloudComputing qwik lab,3
03-08-2023,23:47:33,CloudComputing qwik lab,1
03-08-2023,23:47:28,CloudComputing qwik lab,3
03-08-2023,23:47:07, YouTube,3
03-08-2023,23:46:57, YouTube,7
03-08-2023,23:46:55, YouTube,2
03-08-2023,23:46:40, YouTube,1
03-08-2023,23:45:54, YouTube,2
03-08-2023,23:45:45, YouTube,7
03-08-2023,23:45:12, YouTube,1
03-08-2023,23:45:03, YouTube,7
03-08-2023,23:44:38, YouTube,1
03-08-2023,23:44:37, YouTube,7
03-08-2023,23:43:59,CloudComputing qwik lab,1
03-08-2023,23:43:49, YouTube,7
03-08-2023,23:43:49, YouTube,140
03-08-2023,23:43:26, YouTube,140
03-08-2023,23:43:25, YouTube,54
03-08-2023,23:39:02,C++ ,1
03-08-2023,23:38:47,C++ ,1
03-08-2023,23:38:45,C++ ,2
03-08-2023,23:38:44,C++ ,2
03-08-2023,23:37:24,skillrack,29
03-08-2023,23:37:06,skillrack,29
03-08-2023,23:37:00,skillrack,29
03-08-2023,23:36:58,skillrack,150
03-08-2023,23:36:54,skillrack,150
03-08-2023,23:36:49,skillrack,102
03-08-2023,23:36:36,skillrack,20
03-08-2023,23:36:34,skillrack,2
03-08-2023,23:36:34,skillrack,2
03-08-2023,23:36:18,skillrack,150
03-08-2023,23:36:08,skillrack,29
03-08-2023,23:36:06,skillrack,29
03-08-2023,23:36:04,skillrack,29
03-08-2023,23:35:43,skillrack,29
03-08-2023,23:35:41,skillrack,29
03-08-2023,23:35:32,skillrack,29
03-08-2023,23:35:30,skillrack,29
03-08-2023,23:35:28,skillrack,150
03-08-2023,23:35:16,skillrack,150
03-08-2023,23:35:11,skillrack,102
03-08-2023,23:35:09,skillrack,163
03-08-2023,23:35:06,skillrack,214
03-08-2023,23:34:55,skillrack,29
03-08-2023,23:34:46,skillrack,29
03-08-2023,23:34:43,skillrack,29
03-08-2023,23:34:18,skillrack,29
03-08-2023,23:34:13,skillrack,29
03-08-2023,23:34:05,skillrack,29
03-08-2023,23:34:03,skillrack,29
03-08-2023,23:33:36,skillrack,29
03-08-2023,23:33:34,skillrack,29
03-08-2023,23:32:29,C++ ,1
03-08-2023,23:32:27,C++ ,2
03-08-2023,23:32:27,C++ ,2
03-08-2023,23:31:15,skillrack,29
03-08-2023,23:30:55,skillrack,29
03-08-2023,23:30:51,skillrack,29
03-08-2023,23:30:49,skillrack,150
03-08-2023,23:30:48,skillrack,150
03-08-2023,23:30:39,skillrack,102
03-08-2023,23:30:37,skillrack,163
03-08-2023,23:30:17,skillrack,163
03-08-2023,23:30:15,skillrack,214
03-08-2023,23:30:10,skillrack,214
03-08-2023,23:21:21,CloudComputing qwik lab,5
03-08-2023,23:20:41,CloudComputing qwik lab,5
03-08-2023,23:10:48, YouTube,1
03-08-2023,23:10:48,CloudComputing qwik lab,2
03-08-2023,23:10:41,CloudComputing qwik lab,2
03-08-2023,23:10:40,CloudComputing qwik lab,1
03-08-2023,23:09:17,CloudComputing qwik lab,2
03-08-2023,23:09:17,CloudComputing qwik lab,2
03-08-2023,23:09:14,CloudComputing qwik lab,5
03-08-2023,23:08:04,CloudComputing qwik lab,5
03-08-2023,23:08:03,CloudComputing qwik lab,5
03-08-2023,23:04:42, LinkedIn,19
03-08-2023,23:04:41, LinkedIn,1
03-08-2023,23:04:33, LinkedIn,2
03-08-2023,22:39:46, LinkedIn,2
03-08-2023,22:39:18, LinkedIn,3
03-08-2023,22:38:56, LinkedIn,18
03-08-2023,22:38:51, LinkedIn,1
03-08-2023,22:38:39, LinkedIn,2
03-08-2023,22:38:31, LinkedIn,4
03-08-2023,22:37:51, LinkedIn,19
03-08-2023,22:37:48, LinkedIn,2
03-08-2023,22:37:42, LinkedIn,19
03-08-2023,22:37:36, LinkedIn,2
03-08-2023,22:37:24, LinkedIn,19
03-08-2023,22:37:12, LinkedIn,2
03-08-2023,22:36:19, LinkedIn,19
03-08-2023,22:36:15, LinkedIn,2
03-08-2023,22:36:06, LinkedIn,19
03-08-2023,22:36:05, LinkedIn,2
03-08-2023,22:36:01, LinkedIn,2
03-08-2023,22:35:15, LinkedIn,1
03-08-2023,22:34:05, LinkedIn,2
03-08-2023,22:33:08, LinkedIn,2
03-08-2023,22:30:54, LinkedIn,19
03-08-2023,22:26:42, Website Development,1
03-08-2023,22:23:14,software development,1
03-08-2023,22:17:25, LinkedIn,19
03-08-2023,22:17:17, LinkedIn,2
03-08-2023,22:17:09, LinkedIn,19
03-08-2023,22:15:33, LinkedIn,5
03-08-2023,22:15:13, LinkedIn,19
03-08-2023,22:15:11, LinkedIn,4
03-08-2023,22:14:52, LinkedIn,2
03-08-2023,22:14:50, LinkedIn,4
03-08-2023,22:14:19, LinkedIn,19
03-08-2023,22:14:17, LinkedIn,4
03-08-2023,22:13:16, LinkedIn,1
03-08-2023,22:13:07, LinkedIn,1
03-08-2023,22:13:02, LinkedIn,2
03-08-2023,22:13:02, LinkedIn,2
03-08-2023,22:12:16, LinkedIn,2
03-08-2023,22:10:56, LinkedIn,4
03-08-2023,22:10:17, LinkedIn,19
03-08-2023,22:10:06, LinkedIn,1
03-08-2023,22:06:10, LinkedIn,1
03-08-2023,22:05:51, LinkedIn,19
03-08-2023,22:05:40, LinkedIn,5
03-08-2023,22:05:01, LinkedIn,19
03-08-2023,21:55:11, LinkedIn,1
03-08-2023,21:54:43, LinkedIn,2
03-08-2023,21:54:42, LinkedIn,2
03-08-2023,21:53:40, LinkedIn,4
03-08-2023,21:53:32, LinkedIn,1
03-08-2023,21:53:21, LinkedIn,4
03-08-2023,21:52:51, LinkedIn,3
03-08-2023,21:52:38, LinkedIn,3
03-08-2023,21:52:36, LinkedIn,1
03-08-2023,21:52:36, LinkedIn,1
03-08-2023,21:52:36, LinkedIn,1
03-08-2023,21:52:36, LinkedIn,1
03-08-2023,21:52:29, LinkedIn,3
03-08-2023,21:52:19, LinkedIn,1
03-08-2023,21:52:16, LinkedIn,4
03-08-2023,21:52:15, LinkedIn,4
03-08-2023,21:51:27, LinkedIn,2
03-08-2023,21:51:26, LinkedIn,2
03-08-2023,21:43:12, LinkedIn,1
03-08-2023,21:43:05, LinkedIn,1
03-08-2023,21:43:00, LinkedIn,1
03-08-2023,21:43:00, YouTube,140
03-08-2023,21:42:26, YouTube,140
03-08-2023,21:42:24, YouTube,54
03-08-2023,21:39:16, LinkedIn,1
03-08-2023,21:38:16, LinkedIn,3
03-08-2023,21:38:14, LinkedIn,2
03-08-2023,21:38:14, LinkedIn,2
03-08-2023,21:38:00, LinkedIn,3
03-08-2023,21:37:58, LinkedIn,3
03-08-2023,21:37:26, LinkedIn,1
03-08-2023,21:37:20, LinkedIn,3
03-08-2023,21:37:17, LinkedIn,3
03-08-2023,21:37:17, LinkedIn,3
03-08-2023,21:36:35, LinkedIn,5
03-08-2023,21:36:28, LinkedIn,19
03-08-2023,21:36:24, LinkedIn,1
03-08-2023,21:36:10, LinkedIn,19
03-08-2023,21:36:06, LinkedIn,3
03-08-2023,21:33:57, LinkedIn,2
03-08-2023,21:33:28,software development,2
03-08-2023,21:33:27,software development,2
03-08-2023,21:32:00, LinkedIn,2
03-08-2023,21:31:37, LinkedIn,1
03-08-2023,21:31:28, LinkedIn,3
03-08-2023,21:31:22, LinkedIn,1
03-08-2023,21:31:19, LinkedIn,3
03-08-2023,21:31:18, LinkedIn,3
03-08-2023,21:30:40, LinkedIn,1
03-08-2023,21:30:28, LinkedIn,4
03-08-2023,21:30:03, LinkedIn,3
03-08-2023,21:30:03, LinkedIn,3
03-08-2023,21:30:03, LinkedIn,3
03-08-2023,21:29:47, LinkedIn,4
03-08-2023,21:27:34, LinkedIn,1
03-08-2023,21:27:32, LinkedIn,4
03-08-2023,21:27:31, LinkedIn,4
03-08-2023,21:27:01, LinkedIn,2
03-08-2023,21:26:44, LinkedIn,3
03-08-2023,21:26:39, LinkedIn,1
03-08-2023,21:26:26, LinkedIn,3
03-08-2023,21:24:09, LinkedIn,2
03-08-2023,21:23:52, LinkedIn,5
03-08-2023,21:23:49, LinkedIn,19
03-08-2023,21:23:23, LinkedIn,18
03-08-2023,21:22:42, LinkedIn,2
03-08-2023,21:22:42, LinkedIn,2
03-08-2023,21:22:21, LinkedIn,19
03-08-2023,21:22:01, LinkedIn,5
03-08-2023,21:21:52, LinkedIn,19
03-08-2023,21:21:32, LinkedIn,18
03-08-2023,21:21:31, LinkedIn,13
03-08-2023,21:21:31, LinkedIn,13
03-08-2023,21:21:22, YouTube,140
03-08-2023,21:21:22, YouTube,140
03-08-2023,21:21:15, YouTube,2
03-08-2023,21:16:13, YouTube,1
03-08-2023,21:15:52, YouTube,2
03-08-2023,21:15:52, YouTube,140
03-08-2023,21:15:06, YouTube,140
03-08-2023,21:15:05, YouTube,54
03-07-2023,23:55:00, AI Algorithm,2
03-07-2023,23:55:00, AI Algorithm,2
03-07-2023,23:48:22,AI Algorithm,2
03-07-2023,23:48:09,AI Algorithm,2
03-07-2023,23:47:59,AI Algorithm,3
03-07-2023,23:47:39,AI Algorithm,3
03-07-2023,23:47:33,AI Algorithm,5
03-07-2023,23:20:19, YouTube,3
03-07-2023,23:20:19, YouTube,3
03-07-2023,23:14:43, YouTube,1
03-07-2023,23:14:34, YouTube,3
03-07-2023,23:14:34, YouTube,140
03-07-2023,23:14:26, YouTube,140
03-07-2023,23:14:25, YouTube,54
03-07-2023,20:53:25,skillrack,214
03-07-2023,20:52:56,skillrack,214
03-07-2023,20:52:51,skillrack,214
03-07-2023,20:52:31,skillrack,214
03-07-2023,20:49:17,skillrack,214
03-07-2023,20:45:52,skillrack,214
03-07-2023,20:43:31,skillrack,214
03-07-2023,20:39:33,skillrack,214
03-07-2023,20:37:53,skillrack,214
03-07-2023,20:37:23,skillrack,214
03-07-2023,20:37:19,skillrack,150
03-07-2023,20:37:16,skillrack,150
03-07-2023,20:37:10,skillrack,102
03-07-2023,20:37:07,skillrack,163
03-07-2023,20:37:00,skillrack,214
03-07-2023,20:34:39,skillrack,214
03-07-2023,20:31:20,skillrack,214
03-07-2023,20:20:22,skillrack,214
03-07-2023,20:14:54,skillrack,214
03-07-2023,20:11:30,skillrack,214
03-07-2023,19:25:39,skillrack,214
03-07-2023,19:25:33,skillrack,214
03-07-2023,19:25:31,skillrack,150
03-07-2023,19:25:27,skillrack,150
03-07-2023,19:25:22,skillrack,102
03-07-2023,19:25:19,skillrack,163
03-07-2023,19:23:24,skillrack,163
03-07-2023,19:23:20,skillrack,214
03-07-2023,19:23:03,skillrack,214
03-07-2023,18:03:35,CloudComputing qwik lab,1
03-07-2023,15:41:23,CloudComputing qwik lab,1
03-07-2023,15:40:54,CloudComputing qwik lab,2
03-07-2023,15:40:54,CloudComputing qwik lab,2
03-07-2023,15:40:30, Project,1
03-07-2023,15:40:10, Website Development,4
03-07-2023,15:39:09, Website Development,3
03-07-2023,15:39:04, Website Development,4
03-07-2023,15:36:06, Project,4
03-07-2023,15:36:06, Project,4
03-07-2023,15:31:30, Machine learning & Artificial Intelligence,1
03-07-2023,15:28:53, Website Development,2
03-07-2023,15:28:53, Project,4
03-07-2023,15:28:48, Website Development,2
03-07-2023,15:28:48, Project,4
03-07-2023,15:24:02, Website Development,4
03-07-2023,15:23:55, Website Development,3
03-07-2023,15:23:55, Website Development,3
03-07-2023,11:58:35, YouTube,2
03-07-2023,11:57:40, YouTube,6
03-07-2023,11:57:29, YouTube,14
03-07-2023,11:57:29, YouTube,140
03-07-2023,11:56:26, YouTube,140
03-07-2023,11:56:24, YouTube,54
03-07-2023,11:55:06,Coding,1
03-07-2023,11:55:05,Coding,1
03-07-2023,11:54:53,Coding,2
03-07-2023,11:54:27,Coding,1
03-07-2023,11:54:19,Coding,2
03-07-2023,11:53:57,Coding,1
03-07-2023,11:53:53,Coding,13
03-07-2023,11:53:48,Coding,7
03-07-2023,11:50:32,skillrack,1
03-07-2023,11:50:12,Coding,2
03-07-2023,11:50:12,Coding,2
03-07-2023,11:49:47,Advocu - Developer Student Clubs,2
03-07-2023,11:33:18,Advocu - Developer Student Clubs,1
03-07-2023,11:31:51,Advocu - Developer Student Clubs,1
03-07-2023,11:31:48,Advocu - Developer Student Clubs,3
03-07-2023,11:31:48,Advocu - Developer Student Clubs,2
03-07-2023,11:31:47,Advocu - Developer Student Clubs,2
03-07-2023,11:31:35,Advocu - Developer Student Clubs,3
03-07-2023,11:31:34,Advocu - Developer Student Clubs,3
03-07-2023,11:14:59,Advocu - Developer Student Clubs,2
03-07-2023,11:14:48, YouTube,1
03-07-2023,11:04:12, YouTube,1
03-07-2023,11:03:56, YouTube,1
03-07-2023,11:03:56, YouTube,140
03-07-2023,11:03:38, YouTube,140
03-07-2023,11:03:37, YouTube,54
03-06-2023,23:39:51,php ,2
03-06-2023,23:39:50,php ,2
03-06-2023,19:27:26,Android  Development,2
03-06-2023,19:27:23,Android  Development,3
03-06-2023,19:27:16,Android  Development,2
03-06-2023,19:27:14,Android  Development,3
03-06-2023,19:26:45,Android  Development,3
03-06-2023,19:23:05,php ,1
03-06-2023,18:49:22,php ,2
03-06-2023,18:49:21,php ,2
03-06-2023,18:11:49,Post Attendee - Zoom,1
03-06-2023,14:17:56,skillrack,2
03-06-2023,14:17:56,skillrack,2
03-06-2023,13:47:07,Android  Development,2
03-06-2023,13:47:06,Android  Development,2
03-06-2023,13:47:02,Android  Development,2
03-06-2023,13:47:02,Android  Development,2
03-06-2023,13:37:18, Machine learning & Artificial Intelligence,2
03-06-2023,13:33:40, Machine learning & Artificial Intelligence,2
03-06-2023,13:29:23, Project,1
03-06-2023,13:29:22, Project,1
03-06-2023,13:20:44, Machine learning & Artificial Intelligence,2
03-06-2023,13:20:43, Machine learning & Artificial Intelligence,1
03-06-2023,13:20:19, Machine learning & Artificial Intelligence,2
03-06-2023,13:19:41,Google Cloud console,3
03-06-2023,13:19:41,Google Cloud console,3
03-06-2023,13:19:41,Google Cloud console,3
03-06-2023,13:17:00,Google Cloud console,1
03-06-2023,13:14:35, Website Development,2
03-06-2023,13:14:34, Website Development,2
03-06-2023,11:19:39, Website Development,2
03-06-2023,11:19:39, Website Development,2
03-06-2023,11:19:35, Website Development,1
03-06-2023,11:18:19, Website Development,2
03-06-2023,11:18:19, Website Development,2
03-06-2023,11:15:41, Website Development,2
03-06-2023,11:15:41, Website Development,2
03-06-2023,11:15:23, Website Development,2
03-06-2023,11:15:22, Website Development,2
03-06-2023,11:04:53,php ,4
03-06-2023,11:04:14,php ,2
03-06-2023,11:04:13,php ,2
03-06-2023,11:03:07,php ,4
03-06-2023,11:02:52,php ,1
03-06-2023,11:02:29,php ,4
03-06-2023,11:02:28,php ,4
03-06-2023,11:01:59,php ,1
03-06-2023,10:59:44,php ,1
03-06-2023,10:59:37,php ,2
03-06-2023,10:56:35,php ,1
03-06-2023,10:55:02,php ,2
03-06-2023,10:55:01,php ,2
03-06-2023,10:40:34, Server,1
03-06-2023,10:40:29, Server,2
03-06-2023,10:40:28, Server,2
03-06-2023,10:37:43, Server,2
03-06-2023,10:37:41, Server,2
03-06-2023,10:32:59, Project,1
03-06-2023,10:31:44, Website Development,2
03-06-2023,10:31:43, Website Development,2
03-06-2023,10:31:07,Android  Development,3
03-06-2023,10:25:43,Android  Development,3
03-06-2023,10:25:42,Android  Development,3
03-06-2023,10:23:53,Android  Development,2
03-06-2023,10:23:52,Android  Development,2
03-06-2023,10:23:20,Android  Development,2
03-06-2023,10:23:19,Android  Development,2
03-06-2023,10:21:12, Project,2
03-06-2023,10:21:11, Project,2
03-06-2023,10:15:48, Project,1
03-06-2023,10:14:12, JavaScript,1
03-06-2023,10:11:53, Website Development,4
03-06-2023,10:11:46, Website Development,2
03-06-2023,10:11:45, Website Development,2
03-05-2023,22:14:45,Coding,1
03-05-2023,22:14:31,Coding,1
03-05-2023,22:13:17,Coding,1
03-05-2023,22:11:45,Coding,1
03-05-2023,22:11:29,Coding,1
03-05-2023,22:05:11,Coding,1
03-05-2023,22:03:50,Coding,1
03-05-2023,22:03:50,Coding,1
03-05-2023,22:03:48,Coding,1
03-05-2023,22:03:48,Coding,1
03-05-2023,22:03:48,Coding,3
03-05-2023,22:03:47,Coding,3
03-05-2023,22:03:45,Coding,4
03-05-2023,22:03:45,Coding,4
03-05-2023,22:03:44,Coding,4
03-05-2023,22:03:43,Coding,1
03-05-2023,22:03:43,Coding,1
03-05-2023,22:03:42,Coding,1
03-05-2023,22:03:42,Coding,1
03-05-2023,20:52:36, JavaScript,1
03-05-2023,20:51:30,Coding,1
03-05-2023,20:45:58,Coding,1
03-05-2023,20:44:01,Coding,1
03-05-2023,20:40:15,Coding,1
03-05-2023,20:38:41,Coding,1
03-05-2023,20:38:23,Coding,1
03-05-2023,20:37:45,Coding,1
03-05-2023,19:10:03,Coding,1
03-05-2023,19:02:48,Coding,1
03-05-2023,18:58:24,Coding,1
03-05-2023,18:47:54,Coding,1
03-05-2023,18:34:20,Coding,1
03-05-2023,18:30:15,Coding,1
03-05-2023,18:10:52,Coding,4
03-05-2023,18:10:46,Coding,4
03-05-2023,17:47:24,Coding,4
03-05-2023,17:43:30,Coding,4
03-05-2023,17:41:55,Coding,1
03-05-2023,17:30:44, JavaScript,1
03-05-2023,17:29:17,Coding,1
03-05-2023,17:28:22,Coding,3
03-05-2023,17:28:19,Coding,3
03-05-2023,17:27:34,Coding,3
03-05-2023,17:27:28,Coding,3
03-05-2023,17:26:45,Coding,1
03-05-2023,17:24:56,Coding,1
03-05-2023,17:22:56,Coding,1
03-05-2023,17:12:18, JavaScript,1
03-05-2023,17:04:25,Coding,1
03-05-2023,16:33:26, JavaScript,1
03-05-2023,16:30:55,Coding,1
03-05-2023,16:30:41, JavaScript,2
03-05-2023,16:30:38, JavaScript,1
03-05-2023,14:32:44, JavaScript,2
03-05-2023,14:31:53,Coding,1
03-05-2023,14:25:50,Coding,2
03-05-2023,14:25:07, JavaScript,4
03-05-2023,11:32:25, JavaScript,4
03-05-2023,11:31:04, JavaScript,1
03-05-2023,11:28:38, JavaScript,1
03-05-2023,11:28:09, JavaScript,1
03-05-2023,11:27:48, JavaScript,3
03-05-2023,11:27:45, JavaScript,1
03-05-2023,11:27:41, JavaScript,3
03-05-2023,11:27:35, JavaScript,1
03-05-2023,11:26:18, JavaScript,3
03-05-2023,11:19:03,Coding,1
03-05-2023,11:17:07, JavaScript,1
03-05-2023,11:17:00,Coding,1
03-05-2023,11:16:31, JavaScript,2
03-05-2023,11:16:26, JavaScript,1
03-05-2023,11:10:01, JavaScript,2
03-05-2023,10:55:41,Coding,1
03-05-2023,10:46:57, JavaScript,1
03-05-2023,10:46:47, JavaScript,1
03-05-2023,10:46:43, JavaScript,3
03-05-2023,10:45:43,HTML ,2
03-05-2023,10:45:05, JavaScript,3
03-05-2023,10:43:53,HTML ,2
03-05-2023,10:34:40, JavaScript,3
03-05-2023,10:26:27,Coding,2
03-05-2023,09:39:53, JavaScript,2
03-05-2023,09:24:52, JavaScript,3
03-05-2023,09:24:47, Website Development,14
03-05-2023,00:29:54,Coding,1
03-05-2023,00:26:18,Coding,1
03-05-2023,00:24:30,Coding,2
03-05-2023,00:23:18, JavaScript,2
03-05-2023,00:22:34,Coding,1
03-05-2023,00:16:27,Coding,1
03-05-2023,00:15:55,Coding,1
03-05-2023,00:12:19,Coding,1
03-05-2023,00:11:08,Coding,2
03-05-2023,00:10:33,Coding,2
03-05-2023,00:09:54,Coding,1
03-05-2023,00:01:45, JavaScript,1
03-04-2023,23:45:16,Coding,1
03-04-2023,23:42:14,Coding,1
03-04-2023,23:42:02, JavaScript,1
03-04-2023,23:41:17,Coding,1
03-04-2023,23:41:00,Coding,1
03-04-2023,23:37:21,Coding,1
03-04-2023,23:35:34,Coding,1
03-04-2023,23:35:14,Coding,1
03-04-2023,23:34:15,Coding,1
03-04-2023,23:32:41, JavaScript,2
03-04-2023,23:32:29, JavaScript,1
03-04-2023,23:32:20, JavaScript,2
03-04-2023,23:31:02, JavaScript,3
03-04-2023,23:30:58, JavaScript,2
03-04-2023,23:30:43,Coding,1
03-04-2023,23:30:11, JavaScript,1
03-04-2023,23:28:47,Coding,1
03-04-2023,23:24:11, JavaScript,3
03-04-2023,23:24:00, Website Development,14
03-04-2023,23:18:54,Typing Test ,13
03-04-2023,23:18:52,Typing Test ,5
03-04-2023,23:18:47,Typing Test ,2
03-04-2023,23:18:46,Typing Test ,2
03-04-2023,21:07:51, YouTube,1
03-04-2023,21:07:49, Webinar,2
03-04-2023,21:07:43, Machine learning & Artificial Intelligence,4
03-04-2023,21:07:39, Webinar,2
03-04-2023,21:07:34, Machine learning & Artificial Intelligence,4
03-04-2023,21:07:14, Webinar,2
03-04-2023,16:40:15,AI Algorithm,2
03-04-2023,16:17:46, YouTube,1
03-04-2023,16:17:44, YouTube,1
03-04-2023,16:17:43, YouTube,140
03-04-2023,16:17:40, YouTube,140
03-04-2023,16:17:39, YouTube,54
03-04-2023,15:16:03, AI Algorithm,2
03-04-2023,15:16:03, AI Algorithm,2
03-04-2023,15:15:51, AI Algorithm,2
03-04-2023,15:15:51, AI Algorithm,2
03-04-2023,13:36:34, AI Algorithm,2
03-04-2023,13:36:33, AI Algorithm,2
03-04-2023,13:14:07,AI Algorithm,2
03-04-2023,13:01:27,AI Algorithm,3
03-04-2023,12:38:02,AI Algorithm,1
03-04-2023,12:14:02,AI Algorithm,1
03-04-2023,10:55:06,AI Algorithm,3
03-03-2023,21:19:51,AI Algorithm,3
03-03-2023,21:19:44, AI Algorithm,3
03-03-2023,21:19:29,AI Algorithm,3
03-03-2023,17:46:50, AI Algorithm,3
03-03-2023,17:45:08, AI Algorithm,2
03-03-2023,17:44:54, AI Algorithm,3
03-03-2023,17:32:28, AI Algorithm,2
03-03-2023,17:06:51,AI Algorithm,3
03-03-2023,16:55:59,AI Algorithm,1
03-03-2023,16:40:07,AI Algorithm,3
03-03-2023,16:40:06,AI Algorithm,3
03-03-2023,16:39:45,AI Algorithm,2
03-03-2023,16:39:44,AI Algorithm,2
03-03-2023,11:10:35,skillrack,102
03-03-2023,11:10:33,skillrack,163
03-03-2023,11:10:13,skillrack,102
03-03-2023,11:10:10,skillrack,163
03-03-2023,11:10:01,skillrack,102
03-03-2023,11:09:50,skillrack,102
03-03-2023,11:09:47,skillrack,150
03-03-2023,11:09:40,skillrack,150
03-03-2023,11:09:38,skillrack,150
03-03-2023,11:09:23,skillrack,102
03-03-2023,11:09:21,skillrack,163
03-03-2023,11:09:12,skillrack,214
03-03-2023,11:02:04,skillrack,214
03-03-2023,10:57:04,skillrack,214
03-03-2023,10:38:42,skillrack,214
03-03-2023,10:27:41,skillrack,214
03-03-2023,10:24:05,HTML ,1
03-03-2023,10:24:03,HTML ,2
03-03-2023,10:24:03,HTML ,2
03-03-2023,10:23:58,HTML ,2
03-03-2023,10:23:57,HTML ,2
03-03-2023,10:02:18,skillrack,214
03-03-2023,10:02:12,skillrack,214
03-03-2023,10:02:02,skillrack,214
03-03-2023,10:01:58,skillrack,150
03-03-2023,10:01:54,skillrack,150
03-03-2023,10:01:43,skillrack,102
03-03-2023,10:01:41,skillrack,163
03-03-2023,10:00:56,skillrack,163
03-03-2023,10:00:52,skillrack,214
03-03-2023,10:00:47,skillrack,214
03-03-2023,09:59:45, LinkedIn,1
03-03-2023,09:59:45, LinkedIn,1
03-03-2023,09:59:45, LinkedIn,1
03-03-2023,09:59:45, LinkedIn,2
03-03-2023,09:59:45, LinkedIn,2
03-03-2023,09:59:23,python,1
03-03-2023,09:57:35,Full Stack Development,1
03-03-2023,09:49:23, Machine learning & Artificial Intelligence,1
03-03-2023,09:49:22, Machine learning & Artificial Intelligence,1
03-03-2023,09:48:57,AI Algorithm,1
03-03-2023,09:48:56,AI Algorithm,1
03-03-2023,09:48:43,AI Algorithm,2
03-03-2023,09:41:59, courses,20
03-03-2023,09:36:32, courses,20
03-03-2023,09:35:27, courses,20
03-03-2023,09:35:25, courses,20
03-03-2023,09:08:48, OpenAI,10
03-03-2023,09:08:45, OpenAI,9
03-03-2023,09:08:43, OpenAI,3
03-03-2023,09:08:43, OpenAI,6
03-03-2023,09:08:40, OpenAI,6
03-03-2023,09:08:40, OpenAI,6
03-03-2023,09:08:40, OpenAI,6
03-03-2023,09:08:40, OpenAI,6
03-03-2023,09:08:37, OpenAI,3
03-03-2023,09:08:37, OpenAI,3
03-03-2023,09:02:20, JavaScript,1
03-03-2023,09:02:15, JavaScript,2
03-03-2023,09:02:14, JavaScript,2
03-03-2023,08:58:40, courses,20
03-03-2023,08:58:24, courses,3
03-03-2023,08:58:20, courses,10
03-03-2023,08:58:18, courses,5
03-03-2023,08:58:18, courses,5
03-03-2023,08:58:04, courses,10
03-03-2023,08:57:46, courses,1
03-03-2023,08:57:27, courses,1
03-03-2023,08:56:58, courses,1
03-03-2023,08:56:40, courses,10
03-03-2023,08:56:40, courses,13
03-03-2023,08:56:35,skillrack,2
03-03-2023,08:56:11,AI Algorithm,2
03-03-2023,08:55:47, Website Development,2
03-03-2023,08:55:47, Website Development,1
